{
  "layout": {
    "bloks_payload": {
      "data": [],
      "error_attribution": {
        "logging_id": "{\"callsite\":\"{\\\"product\\\":\\\"bloks_entrypoints_infra\\\",\\\"feature\\\":\\\"screen_query_root_template\\\",\\\"oncall\\\":\\\"bloks_www\\\"}\",\"push_phase\":\"sandcastle\",\"version\":1,\"request_id\":\"AXfShesjQBlbaOJTT0cVH0z\",\"www_revision\":1021947706}",
        "source_map_id": "uBBJoKs5H_ut1nWW_oNeKQ"
      },
      "tree": {
        "\u3408": {
          " ": [
            {
              "\u3408": {
                " ": [
                  {
                    "\u3408": {
                      ",": "center",
                      " ": [
                        {
                          "\u3562": {
                            "\u0084": {
                              "\u3438": {
                                "D": "32dp",
                                "*": "32dp",
                                "#": "center"
                              }
                            }
                          }
                        }
                      ],
                      "\u0084": {
                        "\u3438": {
                          "D": "100%",
                          "*": "100%"
                        }
                      }
                    }
                  }
                ],
                "!": "9lqrtq:1"
              }
            }
          ],
          "\u0085": [
            {
              "\u3fb6": {
                "#": "(bk.action.core.Apply, (bk.action.core.FuncConst, (bk.action.core.If, (bk.action.f32.Eq, \"failed\", (bk.action.core.GetArg, 1)), (bk.action.core.TakeLast, (bk.action.core.If, (null, (bk.action.bloks.GetParameter, \"__infra__ttrc_instance_id\")), null, (bk.action.ttrc.InteractionFailed, (bk.action.bloks.GetParameter, \"__infra__ttrc_marker_id\"), (bk.action.bloks.GetParameter, \"__infra__ttrc_instance_id\"), \"\", null)), (bk.action.core.Apply, (bk.action.core.FuncConst, 1), (bk.action.core.GetArg, 0))), (bk.action.core.Apply, (bk.action.core.FuncConst, 1), (bk.action.core.GetArg, 0)))), (bk.action.core.GetArg, 0), (bk.action.core.GetArg, 2))",
                "\u0087": [
                  ")",
                  "(bk.action.core.If, (null, (bk.action.bloks.GetVariable2, \"query_info_kl1r59dq8\")), null, (bk.action.map.Get, (bk.action.core.Coalesce, (bk.action.bloks.GetVariable2, \"query_info_kl1r59dq8\"), (bk.action.mins.Raise, \"asNonnull got null\")), \"resolution_type\"))"
                ]
              }
            },
            {
              "\u365a": {
                ")": "(bk.action.bloks.FetchAsyncComponents, (bk.action.bloks.GetParameter, \"__infra__app_id\"), (bk.action.mins.CallRuntime, 6, \"__infra__container_config_id\", (bk.action.bloks.GetParameter, \"__infra__container_config_id\")), (bk.action.bloks.GetParameter, \"__infra__cache_ttl\"), (bk.action.tree.Make, 16376, 36, \"fetch\", 41, false, 40, (bk.action.bloks.GetParameter, \"__infra__enable_disk_cache\"), 43, (bk.action.array.Make, \"__infra__container_config_id\")))"
              }
            },
            {
              "\u365a": {
                ")": "(bk.action.core.TakeLast, (bk.action.core.If, (null, (bk.action.bloks.GetParameter, \"__infra__ttrc_instance_id\")), null, (bk.action.ttrc.MarkerStart, (bk.action.bloks.GetParameter, \"__infra__ttrc_marker_id\"), (bk.action.bloks.GetParameter, \"__infra__ttrc_instance_id\"), (bk.action.bloks.GetParameter, \"__infra__ttrc_timestamp\"), null)), (bk.action.core.If, (null, (bk.action.bloks.GetParameter, \"__infra__ttrc_instance_id\")), null, (bk.action.ttrc.AddAnnotation, (bk.action.bloks.GetParameter, \"__infra__ttrc_marker_id\"), (bk.action.bloks.GetParameter, \"__infra__ttrc_instance_id\"), (bk.action.mins.CallRuntime, 6, \"app_id\", (bk.action.bloks.GetParameter, \"__infra__app_id\")))), (bk.action.core.If, (null, (bk.action.bloks.GetParameter, \"__infra__ttrc_analytics_extras\")), null, (bk.action.core.If, (null, (bk.action.bloks.GetParameter, \"__infra__ttrc_instance_id\")), null, (bk.action.ttrc.AddAnnotation, (bk.action.bloks.GetParameter, \"__infra__ttrc_marker_id\"), (bk.action.bloks.GetParameter, \"__infra__ttrc_instance_id\"), (bk.action.bloks.GetParameter, \"__infra__ttrc_analytics_extras\")))), (bk.action.core.If, (null, (bk.action.bloks.GetParameter, \"__infra__ttrc_instance_id\")), null, (bk.action.ttrc.AddPoint, (bk.action.bloks.GetParameter, \"__infra__ttrc_marker_id\"), (bk.action.bloks.GetParameter, \"__infra__ttrc_instance_id\"), \"load_root_template\", (bk.action.mins.CallRuntime, 6))), (bk.action.core.If, (null, (bk.action.bloks.GetParameter, \"__infra__ttrc_instance_id\")), null, (bk.action.ttrc.AddQuery, (bk.action.bloks.GetParameter, \"__infra__ttrc_marker_id\"), (bk.action.bloks.GetParameter, \"__infra__ttrc_instance_id\"), (bk.action.bloks.GetParameter, \"__infra__app_id\"), (bk.action.core.Coalesce, (bk.action.bloks.GetParameter, \"__infra__cache_ttl\"), 86400))))"
              }
            },
            {
              "\u34e2": {
                "&": "S:9lqrtq:13",
                "$": "(bk.action.core.If, (null, (bk.action.bloks.GetParameter, \"__infra__ttrc_instance_id\")), null, (bk.action.ttrc.SurfaceLeft, (bk.action.bloks.GetParameter, \"__infra__ttrc_marker_id\"), (bk.action.bloks.GetParameter, \"__infra__ttrc_instance_id\"), null))"
              }
            }
          ]
        }
      },
      "component_queries": [
        {
          "id": "kl1r59dq8",
          "targets": {
            "genScreenContent": "9lqrtq:1"
          },
          "app_id_expr": "(bk.action.bloks.GetParameter, \"__infra__app_id\")",
          "params": "(bk.action.mins.CallRuntime, 6, \"__infra__container_config_id\", (bk.action.bloks.GetParameter, \"__infra__container_config_id\"))",
          "client_params": "(bk.action.mins.CallRuntime, 6, \"__infra_component_did_render\", (bk.action.callback.MakeWithScopeOnly, (bk.action.core.FuncConst, (bk.action.core.TakeLast, (bk.action.bloks.MarkerAnnotateAsyncComponentResponse, (bk.action.bloks.GetParameter, \"__infra__ttrc_marker_id\"), (bk.action.bloks.GetParameter, \"__infra__ttrc_instance_id\"), (bk.action.bloks.GetParameter, \"__infra__app_id\"), (bk.action.map.Get, (bk.action.core.Coalesce, (bk.action.bloks.GetVariable2, \"query_info_kl1r59dq8\"), (bk.action.mins.Raise, \"asNonnull got null\")), \"response_summary\")), (bk.action.core.Apply, (bk.action.core.FuncConst, (bk.action.core.If, (bk.action.f32.Eq, (bk.action.map.Get, (bk.action.core.Coalesce, (bk.action.bloks.GetVariable2, \"query_info_kl1r59dq8\"), (bk.action.mins.Raise, \"asNonnull got null\")), \"resolution_type\"), \"resolved_sync\"), (bk.action.core.If, (null, (bk.action.bloks.GetParameter, \"__infra__ttrc_instance_id\")), null, (bk.action.ttrc.CachedContentDisplayed, (bk.action.bloks.GetParameter, \"__infra__ttrc_marker_id\"), (bk.action.bloks.GetParameter, \"__infra__ttrc_instance_id\"), (bk.action.bloks.GetParameter, \"__infra__app_id\"), (bk.action.core.Coalesce, (bk.action.map.Get, (bk.action.core.Coalesce, (bk.action.bloks.GetVariable2, \"query_info_kl1r59dq8\"), (bk.action.mins.Raise, \"asNonnull got null\")), \"cache_age\"), (bk.action.i64.Const, 0)), (bk.action.tree.Make, 16524, 35, true))), (bk.action.core.If, (null, (bk.action.bloks.GetParameter, \"__infra__ttrc_instance_id\")), null, (bk.action.ttrc.NetworkContentDisplayed, (bk.action.bloks.GetParameter, \"__infra__ttrc_marker_id\"), (bk.action.bloks.GetParameter, \"__infra__ttrc_instance_id\"), (bk.action.bloks.GetParameter, \"__infra__app_id\"))))))))))",
          "cache_ttl_expr": "(bk.action.bloks.GetParameter, \"__infra__cache_ttl\")",
          "is_scoped": false
        }
      ]
    }
  }
}