{
  "built_in": [],
  "downloadable": [
    {
      "disabled": false,
      "hash": "776ffde8f1dcab50931f599645c56b9584896d2b3795af083de32092ea85431a",
      "name": "avif",
      "requires_native": true
    },
    {
      "disabled": true,
      "hash": "951dd48d962e3bcbc558534bc4f8b5fb9f8cef4ee9428a468c2b6aed1da73851",
      "name": "baseline_profiles_12_plus",
      "requires_native": false
    },
    {
      "disabled": true,
      "hash": "0891cfbe6f45a9cddcf60088533078ab8f125dd3bfeadecf1a7bfb2785a1a445",
      "name": "baseline_profiles_9_11",
      "requires_native": false
    },
    {
      "disabled": false,
      "hash": "aa3413bae81821943ce5803ec4340bd1070a77078c58d1feb3464b15972872cd",
      "name": "blokscamera",
      "requires_native": true
    },
    {
      "disabled": false,
      "hash": "1032ffa715d14a36dcec51467c1d1081d043d6cc3eb2b75b0a7a228caab03483",
      "name": "boost",
      "requires_native": true
    },
    {
      "disabled": false,
      "hash": "0129d4ee204db44af290e099e490b9763afc8af770ebc3968eef8c8abe9c17b4",
      "name": "camera",
      "requires_native": false
    },
    {
      "disabled": false,
      "hash": "021f269b7a4351dfa6c1f59da19296164173ab4b020cd926867b440b1391cf7b",
      "name": "data1",
      "requires_native": false
    },
    {
      "disabled": false,
      "hash": "9f5d312776aa270c818b4917a87bfd05c3305ad8cbd0f4e76bfc576514a4ca89",
      "name": "data1024",
      "requires_native": false
    },
    {
      "disabled": false,
      "hash": "b1ebf13d42c1ac0527d6535de2455f26a18e29decb6a69e203e7e0debafd64c1",
      "name": "data128",
      "requires_native": false
    },
    {
      "disabled": false,
      "hash": "6420455f2fe3ce65f962d8c66f667f455933dcb05512a8eec40436886037b5e6",
      "name": "data2048",
      "requires_native": false
    },
    {
      "disabled": false,
      "hash": "dfe18fabe0a9c60ea46e7cf3bc0f87e6ec706712d8af00bfe35a715ac7204b09",
      "name": "data256",
      "requires_native": false
    },
    {
      "disabled": false,
      "hash": "b4ce46a273b08321ad9d597d5e0459952ab1b51312c83aa578df0ede24d8b288",
      "name": "data512",
      "requires_native": false
    },
    {
      "disabled": false,
      "hash": "c7584b28ce9a1d79d5dca17e7046db7e0c5fd75adbcb1e08d09277fa0b7e8f10",
      "name": "fizz",
      "requires_native": true
    },
    {
      "disabled": false,
      "hash": "5dc3b05f154c57a5880603847f7289ab719ab4cc782d689985eb0c3221856c98",
      "name": "heroplayer",
      "requires_native": true
    },
    {
      "disabled": false,
      "hash": "6892c52f34bb52b1d5f377243c7f4c360a1c83aea006e05ddea31d404867166d",
      "name": "inappbrowser",
      "requires_native": true
    },
    {
      "disabled": false,
      "hash": "182ec238b52e457082a3450a23613550f831da9f3014715d2975b50c41fbee05",
      "name": "libunwindstack",
      "requires_native": true
    },
    {
      "disabled": false,
      "hash": "524def1a8a12bc813391795ec9397c2bfa519d1145c0e08c4e1e05bc68d2f12b",
      "name": "mediastreaming",
      "requires_native": true
    },
    {
      "disabled": false,
      "hash": "0428d9fb39945035abfcd99e9b7d01399f9b05a6e7e64fd5eb0f669f2e34d9d0",
      "name": "mnshttp",
      "requires_native": true
    },
    {
      "disabled": false,
      "hash": "1728ded4b00d833b8f1ad76b59c6e10fa5d2a3ce37bf05fda1ad22035a016b43",
      "name": "msys",
      "requires_native": true
    },
    {
      "disabled": false,
      "hash": "52ea5d38e508f97dc1f6be3f5e3c60b5fb6611550d513b4a8b44da1ac19fd2ed",
      "name": "msysinfra",
      "requires_native": true
    },
    {
      "disabled": false,
      "hash": "cf8410c01bcb606d59f2dad93144c7ad459d63cc22ced08143a7c02ea1833283",
      "name": "multisignalanrdetector",
      "requires_native": true
    },
    {
      "disabled": false,
      "hash": "2d5d1fd279224ef0ad6b83c73d12a70b294e91850c1a855a3de6746578e3a8fd",
      "name": "profilo",
      "requires_native": true
    },
    {
      "disabled": false,
      "hash": "6e8e7912ca9e2df5e30592ba30881175e07811e7b2b10636b2a5aba7fbe4dca8",
      "name": "rtc",
      "requires_native": true
    },
    {
      "disabled": false,
      "hash": "8112a13c4fa559083db8a6ef13c7efc33cacc17cd3f1c9cdc5cf97d0e9023d26",
      "name": "s_avif_heroplayer",
      "requires_native": true
    },
    {
      "disabled": false,
      "hash": "514be4526067e60236a1752e29ee0bf7fc68211df14c84805871d00675aaa2cf",
      "name": "s_avif_heroplayer_rtc",
      "requires_native": true
    },
    {
      "disabled": false,
      "hash": "0b159e5e1c7d8b55e48a88177a68b5442fc0d61a8c944adaf4012dcaa33f3385",
      "name": "s_blokscamera_camera",
      "requires_native": false
    },
    {
      "disabled": true,
      "hash": "2cdaeaca65129b2ea0f515d9c68c974d4b84212afef196f92d89f19f3de40771",
      "name": "s_blokscamera_heroplayer",
      "requires_native": false
    },
    {
      "disabled": true,
      "hash": "1f79ee42dbc5e0f8991d85ab0be1661e84fa54a1fe9a8026de807f2d1fd231ab",
      "name": "s_blokscamera_heroplayer_rtc",
      "requires_native": false
    },
    {
      "disabled": false,
      "hash": "7454848be8cc11dadf6a0d1a38701a405ad44ffb498f4be400f3249133ae5e93",
      "name": "s_blokscamera_msysinfra",
      "requires_native": true
    },
    {
      "disabled": false,
      "hash": "129d61e78e7bf155d08feca40095b0f9c2849ad3529cab809069d74d093c66e0",
      "name": "s_blokscamera_rtc",
      "requires_native": true
    },
    {
      "disabled": true,
      "hash": "66bb97716de8839817e796354e91dd3408fc38960cd19d3d3ed628eec5df585c",
      "name": "s_boost_mediastreaming",
      "requires_native": false
    },
    {
      "disabled": false,
      "hash": "f2d6b765c8bac5051008bfa315974d7a20ac8018cebe5f6108caf109f0a0cd44",
      "name": "s_boost_msys",
      "requires_native": true
    },
    {
      "disabled": false,
      "hash": "39af786f66b452358e7b5d6dea2b76cc8da30db32e294f5fa3fc9035a816eed4",
      "name": "s_boost_msysinfra",
      "requires_native": false
    },
    {
      "disabled": false,
      "hash": "9ecea830c100da15fd45a048f39a56763e5e587e3bdf18d59b72cbeb1813bc23",
      "name": "s_boost_multisignalanrdetector",
      "requires_native": true
    },
    {
      "disabled": false,
      "hash": "6dba0342548b6da6e1c94eca826c18a46c8c32d6330df30da8df6275f2593bf1",
      "name": "s_boost_profilo",
      "requires_native": true
    },
    {
      "disabled": false,
      "hash": "b825bc1ec2f32b5407b93734e32e4a6d3491952df9c508b3bc8b7e02cfc4308d",
      "name": "s_camera_mediastreaming_rtc",
      "requires_native": true
    },
    {
      "disabled": true,
      "hash": "a6fe1ba74ef1f3d85acbef05fd0bef4f2724234b9bcbb653d63a53124f476133",
      "name": "s_fizz_mediastreaming",
      "requires_native": false
    },
    {
      "disabled": false,
      "hash": "1e5f5382c68757024cb260aabe6ee58223d36c71261cf9784a4b83664e683a87",
      "name": "s_fizz_msys",
      "requires_native": true
    },
    {
      "disabled": false,
      "hash": "bc9f47e29cbc44741624a578e9ef79f84c968de659cf2c68f898ef4bedbd7c50",
      "name": "s_heroplayer_rtc",
      "requires_native": true
    },
    {
      "disabled": false,
      "hash": "c97902f98dfb30c8f23fae6013501bc45a2a1fdb89cb427f8862b006631efe11",
      "name": "s_libunwindstack_profilo",
      "requires_native": true
    },
    {
      "disabled": true,
      "hash": "9cfbb42ea92a554fd24e8d98a2a00f8234a11f447213b531858f7ee3e143773d",
      "name": "s_mediastreaming_msys_profilo_rtc",
      "requires_native": false
    },
    {
      "disabled": false,
      "hash": "56b84e1ab295f184dbadb7f2667fca0b7997ac73ec11d15a93b2962e78e6bf6f",
      "name": "s_mediastreaming_msys_rtc",
      "requires_native": true
    },
    {
      "disabled": true,
      "hash": "4d497af21f1e21647b9dd92483aa4111dfc262990d7f95ce076d9b2af9e867fe",
      "name": "s_mediastreaming_msysinfra",
      "requires_native": false
    },
    {
      "disabled": false,
      "hash": "92b21c50b10ff01d22e5d7c2bc1f67a8e13ae46f5ec50701d66dab753d7c266d",
      "name": "s_mediastreaming_msysinfra_profilo",
      "requires_native": true
    },
    {
      "disabled": false,
      "hash": "4ef45021a37e679a0af3e20e1868534b24294620f2ceb55aaa55b1121ac61ec9",
      "name": "s_mediastreaming_rtc",
      "requires_native": true
    },
    {
      "disabled": false,
      "hash": "68cf2ccf593f2104e10e63e128961208a3d7b01e3698f169db5d14bc19afaaa7",
      "name": "s_mnshttp_msys",
      "requires_native": true
    },
    {
      "disabled": false,
      "hash": "f72a156f7b10406fb5bd7784bba431f8b1bfdfad3c393b9e836f4a6dc9152711",
      "name": "s_msys_rtc",
      "requires_native": true
    },
    {
      "disabled": false,
      "hash": "297ccff64dbe1cfa0aa4033fba3e50e8573a67f7371aa7b252627bbbd40cd46d",
      "name": "s_multisignalanrdetector_profilo",
      "requires_native": true
    },
    {
      "disabled": false,
      "hash": "372467f8f181c963b643ebd3a9cdc5729cf37286b54ceadedf0a7b75339823cb",
      "name": "shared_fizz_ms_profilo",
      "requires_native": true
    },
    {
      "disabled": false,
      "hash": "2082b78c94b0c84e7ad8c594dedf71595dec731acdb09a534d9822a4733de482",
      "name": "uiqr",
      "requires_native": false
    }
  ]
}